date,time,test name,status,version
27-03-2018,10:50:00,TID_170_1_10 percent overhead batch.jtl,pass,1.0.307
27-03-2018,10:50:00,TID_11_1_Define_the_Pipe_Line order.jtl,pass,1.0.307
27-03-2018,10:50:00,TID_113_status manager.jtl,pass,1.0.307
27-03-2018,10:50:00,TID_140_algo_writes logs.jtl,pass,1.0.307
27-03-2018,10:50:00,TID_120_system logs.jtl,fail,1.0.307
27-03-2018,10:50:00,TID_170_10 percent overhead.jtl,pass,1.0.307
27-03-2018,10:50:00,TID_80_pipelines run in an order.jtl,pass,1.0.307
27-03-2018,10:50:00,TID_51_run pipelines in a queue.jtl,pass,1.0.307
27-03-2018,10:50:00,TID_10_2_Define_the_Pipe_Line_input.jtl,pass,1.0.307
27-03-2018,10:50:00,TID_50_cancel pipeline.jtl,pass,1.0.307
27-03-2018,10:50:00,TID_10_1_Define_the_Pipe_Line_input.jtl,pass,1.0.307
27-03-2018,10:50:00,TID_70_status Manager.jtl,pass,1.0.307
27-03-2018,10:50:00,TID_110_sevirity levels.jtl,pass,1.0.307
27-03-2018,10:50:00,TID_114_not exist ids.jtl,pass,1.0.307
27-03-2018,10:50:00,TID_30_Define_the_pipelineName.jtl,pass,1.0.307
